Link,count
https://www.ncbi.nlm.nih.gov/pmc/articles/PMC12008199/,4
https://www.ncbi.nlm.nih.gov/pmc/articles/PMC5748516/,3
https://www.ncbi.nlm.nih.gov/pmc/articles/PMC8044432/,3
https://www.ncbi.nlm.nih.gov/pmc/articles/PMC11271499/,2
https://www.ncbi.nlm.nih.gov/pmc/articles/PMC11929063/,2
https://www.ncbi.nlm.nih.gov/pmc/articles/PMC7000411/,2
https://www.ncbi.nlm.nih.gov/pmc/articles/PMC5387210/,2
https://www.ncbi.nlm.nih.gov/pmc/articles/PMC11403809/,2
https://www.ncbi.nlm.nih.gov/pmc/articles/PMC11094041/,2
https://www.ncbi.nlm.nih.gov/pmc/articles/PMC11386075/,2
https://www.ncbi.nlm.nih.gov/pmc/articles/PMC11362537/,2
https://www.ncbi.nlm.nih.gov/pmc/articles/PMC10233975/,2
https://www.ncbi.nlm.nih.gov/pmc/articles/PMC10308117/,2
https://www.ncbi.nlm.nih.gov/pmc/articles/PMC10797188/,2
https://www.ncbi.nlm.nih.gov/pmc/articles/PMC9241228/,2
https://www.ncbi.nlm.nih.gov/pmc/articles/PMC11166967/,2
https://www.ncbi.nlm.nih.gov/pmc/articles/PMC11166981/,2
https://www.ncbi.nlm.nih.gov/pmc/articles/PMC11484870/,2
https://www.ncbi.nlm.nih.gov/pmc/articles/PMC6981245/,2
https://www.ncbi.nlm.nih.gov/pmc/articles/PMC11324864/,2
https://www.ncbi.nlm.nih.gov/pmc/articles/PMC6126739/,2
https://www.ncbi.nlm.nih.gov/pmc/articles/PMC10831389/,2
https://www.ncbi.nlm.nih.gov/pmc/articles/PMC11353732/,2
https://www.ncbi.nlm.nih.gov/pmc/articles/PMC11477029/,2
https://www.ncbi.nlm.nih.gov/pmc/articles/PMC10030976/,2
https://www.ncbi.nlm.nih.gov/pmc/articles/PMC11487192/,2
https://www.ncbi.nlm.nih.gov/pmc/articles/PMC9116463/,2
https://www.ncbi.nlm.nih.gov/pmc/articles/PMC8421509/,2
https://www.ncbi.nlm.nih.gov/pmc/articles/PMC10628120/,2
https://www.ncbi.nlm.nih.gov/pmc/articles/PMC11451251/,2
https://www.ncbi.nlm.nih.gov/pmc/articles/PMC8739323/,2
